question,departement
ما هي المسؤوليات الرئيسية لإدارة الاتصال؟,DC
كيف تساهم إدارة الاتصال في تعزيز صورة الشركة؟,DC
ما هي الأدوات المستخدمة في إدارة الاتصال؟,DC
كيف تدير إدارة الاتصال الحملات الإعلامية؟,DC
ما هو دور إدارة الاتصال في تنظيم الفعاليات؟,DC
كيف تتعامل إدارة الاتصال مع الأزمات؟,DC
ما هي استراتيجيات إدارة الاتصال للتواصل الداخلي؟,DC
كيف تقوم إدارة الاتصال بتطوير أدوات الاتصال؟,DC
ما هو دور إدارة الاتصال في مراقبة التغيرات والاتجاهات؟,DC
كيف تساهم إدارة الاتصال في تعزيز العلاقة مع الشركاء؟,DC
ما هو دور الإدارة المالية؟,DF
كيف تساهم الإدارة المالية في خفض تكاليف الإنتاج؟,DF
ما هي الأدوات المستخدمة من قبل الإدارة المالية لمراقبة النفقات؟,DF
كيف تقوم الإدارة المالية بإدارة التدفقات النقدية؟,DF
ما هي استراتيجيات الإدارة المالية في تقليل المخاطر المالية؟,DF
كيف تدير الإدارة المالية علاقات الشركة مع البنوك؟,DF
ما هو دور الإدارة المالية في التخطيط الاستراتيجي؟,DF
كيف تساهم الإدارة المالية في تحسين الربحية؟,DF
ما هي السياسات المالية التي تتبعها الإدارة المالية؟,DF
كيف تضمن الإدارة المالية الامتثال للمتطلبات القانونية والضريبية؟,DF
ما هو دور المدير العام؟,DG
لمن يقدم المدير العام التقارير؟,DG
ما هي الأهداف الاستراتيجية الرئيسية لهذا العام؟,DG
كيف يعزز المدير العام ثقافة الشركة؟,DG
هل يمكنني تحديد موعد مع المدير العام؟,DG
ما هي الأحداث التي سيحضرها المدير العام هذا الربع؟,DG
كيف يشارك المدير العام في تفاعل أصحاب المصلحة الخارجيين؟,DG
ما هي العملية لتقديم اقتراحات استراتيجية للمدير العام؟,DG
كم مرة يقوم المدير العام بتقييم أداء الشركة؟,DG
ما هو دور المدير العام في إدارة الأزمات؟,DG
ما هي المهام الرئيسية لإدارة اللوجستيات؟,DL
كيف تضمن إدارة اللوجستيات توافر المواد الخام؟,DL
ما هي الاستراتيجيات المستخدمة لتحسين الكفاءة اللوجستية؟,DL
كيف يتم إدارة عمليات التخزين؟,DL
ما هي تحديات إدارة اللوجستيات وكيف تتغلب عليها؟,DL
كيف تساهم إدارة اللوجستيات في تحقيق رضا العملاء؟,DL
ما هي الأدوات المستخدمة في إدارة سلسلة التوريد؟,DL
كيف يتم تحسين عمليات النقل في إدارة اللوجستيات؟,DL
ما هي أهمية إدارة اللوجستيات في سلسلة التوريد؟,DL
كيف تتعامل إدارة اللوجستيات مع المشاكل الطارئة؟,DL
ما هي المسؤوليات الرئيسية لإدارة الإنتاج؟,DProd
كيف تقوم إدارة الإنتاج بتحسين عمليات الإنتاج؟,DProd
كيف تضمن إدارة الإنتاج تحقيق الأهداف المحددة؟,DProd
ما هي الأدوات المستخدمة لمراقبة عمليات الإنتاج؟,DProd
كيف تتعامل إدارة الإنتاج مع المشاكل الطارئة في الإنتاج؟,DProd
ما هي استراتيجيات تقليل التكاليف في الإنتاج؟,DProd
كيف تضمن إدارة الإنتاج سلامة العاملين؟,DProd
كيف تدير إدارة الإنتاج جداول العمل؟,DProd
ما هو دور التكنولوجيا في تحسين الإنتاج؟,DProd
كيف تتعامل إدارة الإنتاج مع الطلبات المتغيرة؟,DProd
ما هي الأولويات الرئيسية لإدارة المشروع؟,DProj
كيف تضمن إدارة المشروع نجاح المشاريع؟,DProj
ما هي الأدوات المستخدمة لإدارة المشاريع؟,DProj
كيف يتم تحديد نطاق المشروع؟,DProj
كيف تدير إدارة المشروع المخاطر؟,DProj
ما هي المعايير المستخدمة لتقييم نجاح المشروع؟,DProj
كيف يتم إدارة التغيير في المشاريع؟,DProj
ما هو دور مدير المشروع؟,DProj
كيف يتم إدارة الموارد في المشروع؟,DProj
كيف تضمن إدارة المشروع التواصل الفعال بين الفريق؟,DProj
ما هي الأهداف الرئيسية لإدارة الجودة؟,DQ
كيف تضمن إدارة الجودة الامتثال للمعايير؟,DQ
ما هي الطريقة المستخدمة لمعالجة حالات عدم المطابقة؟,DQ
كيف تقوم إدارة الجودة بتقييم أداء العمليات؟,DQ
ما هي الأدوات المستخدمة لضمان الجودة؟,DQ
كيف تتعامل إدارة الجودة مع شكاوى العملاء؟,DQ
ما هو دور التدقيق الداخلي في إدارة الجودة؟,DQ
كيف تدير إدارة الجودة تدريب الموظفين على الجودة؟,DQ
ما هي استراتيجيات التحسين المستمر التي تعتمدها إدارة الجودة؟,DQ
كيف تقيس إدارة الجودة رضا العملاء؟,DQ
هل يمكنني أن أطلع على المتخلذ بذمتي في دين لدى المؤسسة ؟,DS
ما هي المسؤوليات الرئيسية للإدارة التقنية؟,DT
كيف تدعم الإدارة التقنية مشاريع الإنتاج؟,DT
ما هي إجراءات الصيانة الوقائية التي تنفذها الإدارة التقنية؟,DT
كيف تساهم الإدارة التقنية في تحسين كفاءة الإنتاج؟,DT
ما هو دور الإدارة التقنية في تنفيذ مشاريع جديدة؟,DT
كيف تدير الإدارة التقنية مشروعات التحسين المستمر؟,DT
ما هي تقنيات الصيانة المستخدمة في الإدارة التقنية؟,DT
كيف يتم التعامل مع الأعطال الطارئة في المعدات؟,DT
كيف تضمن الإدارة التقنية سلامة المعدات؟,DT
ما هو دور الإدارة التقنية في تحسين جودة المنتجات؟,DT
كيف حالكم؟,greetings
أهلاً وسهلاً!,greetings
مُسرور بلقائك!,greetings
مساء الخير!,greetings
تصبح على خير!,greetings
ماذا تفعل؟,greetings
ما اسمك؟,greetings
من أين أنت؟,greetings
كم عمرك؟,greetings
هل تحب الرياضة؟,greetings
ما هوايتك المفضلة؟,greetings
هل لديك أخوة؟,greetings
ما نوع الطعام المفضل لديك؟,greetings
ما مجال دراستك؟,greetings
هل تحب السفر؟,greetings
ما الكتاب الذي تقرأه حاليًا؟,greetings
ما نوع الموسيقى التي تفضلها؟,greetings
ما أفضل فيلم شاهدته؟,greetings
كيف الطقس اليوم؟,greetings
هل تشرب القهوة أو الشاي؟,greetings
ما الرياضة التي تمارسها؟,greetings
ما اللغات التي تتحدثها؟,greetings
أين تعمل؟,greetings
ما هي خططك للمستقبل؟,greetings
ما أخبار عائلتك؟,greetings
هل يمكنني الإطلاع على التنقيط الخاص بي ؟,RH
هل قام المسؤول المباشر بتمرير عطلة بالنسبة للأيام أو اليوم الذي لم ألتحق فيه بالعمل؟,RH
هل يمكني الثبت هل سأحصل على وصلات الحضور (process d'amélioration du présence ),RH
هل يمكنني الحصول على تسبيقة في الأجر أو تغييرها ؟,RH
هل يمكنني الحصول على قسيمة الدفع fiche de paie ، نسخة ورقية؟,RH
كيف يمكنني الحصول على قسيمة الأجر fiche de paie ؟,RH
كم نسخة من قسائم الأجر (الشهرية) يمكنني الحصول عليها؟,RH
هل يمكنني الإطلاع على الساعات الإضافية التي إشتغلتها,RH
كيف يمكني التأكد بأنني وقع إحتساب الساعات الإضافية من عدمه,RH
هل يوجد عروض ترقيات أو شغل داخلية ؟,RH
ماذا تعني SHE,She
لماذا أرتدي معدات الحماية؟,She
ماذا أفعل في حالة الخطر ؟,She
ماهي قواعد السلامة الذهبية ؟,She
ماهي وسائل الحماية المتوفرة لجميع العملة؟,She
